site,product,date,year,month,n_images,mean_cloud_pct
Burdur Lake,DSWX_HLS,2023-04,2023,4,59,60.728813559322035
Burdur Lake,DSWX_HLS,2023-05,2023,5,59,74.72881355932203
Burdur Lake,DSWX_HLS,2023-06,2023,6,64,38.515625
Burdur Lake,DSWX_HLS,2023-07,2023,7,60,9.233333333333333
Burdur Lake,DSWX_HLS,2023-08,2023,8,63,9.920634920634921
Burdur Lake,DSWX_HLS,2023-09,2023,9,61,29.950819672131146
Burdur Lake,DSWX_HLS,2023-10,2023,10,51,31.568627450980394
Burdur Lake,DSWX_HLS,2023-11,2023,11,54,48.98148148148148
Burdur Lake,DSWX_HLS,2023-12,2023,12,48,46.5
Burdur Lake,DSWX_HLS,2024-01,2024,1,64,63.484375
Burdur Lake,DSWX_HLS,2024-02,2024,2,54,58.629629629629626
Burdur Lake,DSWX_HLS,2024-03,2024,3,70,53.32857142857143
Burdur Lake,DSWX_HLS,2024-04,2024,4,66,48.10606060606061
Burdur Lake,DSWX_HLS,2024-05,2024,5,63,40.111111111111114
Burdur Lake,DSWX_HLS,2024-06,2024,6,61,10.573770491803279
Burdur Lake,DSWX_HLS,2024-07,2024,7,70,22.65714285714286
Burdur Lake,DSWX_HLS,2024-08,2024,8,65,14.215384615384615
Burdur Lake,DSWX_HLS,2024-09,2024,9,64,31.21875
Burdur Lake,DSWX_HLS,2024-10,2024,10,64,14.421875
Burdur Lake,DSWX_HLS,2024-11,2024,11,56,49.92857142857143
Burdur Lake,DSWX_HLS,2024-12,2024,12,57,75.19298245614036
Burdur Lake,DSWX_HLS,2025-01,2025,1,46,46.02173913043478
Burdur Lake,DSWX_HLS,2025-02,2025,2,60,52.36666666666667
Burdur Lake,DSWX_HLS,2025-03,2025,3,76,53.23684210526316
Burdur Lake,DSWX_HLS,2025-04,2025,4,77,48.54545454545455
Burdur Lake,DSWX_HLS,2025-05,2025,5,83,46.325301204819276
Burdur Lake,DSWX_HLS,2025-06,2025,6,96,10.135416666666666
Burdur Lake,DSWX_HLS,2025-07,2025,7,87,9.758620689655173
Burdur Lake,DSWX_HLS,2025-08,2025,8,87,11.160919540229886
Burdur Lake,DSWX_HLS,2025-09,2025,9,88,16.40909090909091
Burdur Lake,DSWX_HLS,2025-10,2025,10,103,48.592233009708735
Burdur Lake,DSWX_HLS,2025-11,2025,11,155,43.16774193548387
Burdur Lake,DSWX_HLS,2025-12,2025,12,200,59.55
Burdur Lake,DSWX_HLS,2026-01,2026,1,68,77.19117647058823
Burdur Lake,DSWX_HLS,2026-02,2026,2,67,68.82089552238806
Burdur Lake,DSWX_HLS,2026-03,2026,3,90,58.91111111111111
Burdur Lake,DSWX_HLS,2026-04,2026,4,91,65.16483516483517
Burdur Lake,DSWX_HLS,2026-05,2026,5,77,66.42857142857143
Burdur Lake,DSWX_S1,2023-04,2023,4,0,
Burdur Lake,DSWX_S1,2023-05,2023,5,0,
Burdur Lake,DSWX_S1,2023-06,2023,6,0,
Burdur Lake,DSWX_S1,2023-07,2023,7,0,
Burdur Lake,DSWX_S1,2023-08,2023,8,0,
Burdur Lake,DSWX_S1,2023-09,2023,9,0,
Burdur Lake,DSWX_S1,2023-10,2023,10,0,
Burdur Lake,DSWX_S1,2023-11,2023,11,0,
Burdur Lake,DSWX_S1,2023-12,2023,12,0,
Burdur Lake,DSWX_S1,2024-01,2024,1,0,
Burdur Lake,DSWX_S1,2024-02,2024,2,0,
Burdur Lake,DSWX_S1,2024-03,2024,3,0,
Burdur Lake,DSWX_S1,2024-04,2024,4,0,
Burdur Lake,DSWX_S1,2024-05,2024,5,0,
Burdur Lake,DSWX_S1,2024-06,2024,6,0,
Burdur Lake,DSWX_S1,2024-07,2024,7,0,
Burdur Lake,DSWX_S1,2024-08,2024,8,18,
Burdur Lake,DSWX_S1,2024-09,2024,9,46,
Burdur Lake,DSWX_S1,2024-10,2024,10,69,
Burdur Lake,DSWX_S1,2024-11,2024,11,51,
Burdur Lake,DSWX_S1,2024-12,2024,12,67,
Burdur Lake,DSWX_S1,2025-01,2025,1,49,
Burdur Lake,DSWX_S1,2025-02,2025,2,43,
Burdur Lake,DSWX_S1,2025-03,2025,3,50,
Burdur Lake,DSWX_S1,2025-04,2025,4,47,
Burdur Lake,DSWX_S1,2025-05,2025,5,122,
Burdur Lake,DSWX_S1,2025-06,2025,6,90,
Burdur Lake,DSWX_S1,2025-07,2025,7,114,
Burdur Lake,DSWX_S1,2025-08,2025,8,125,
Burdur Lake,DSWX_S1,2025-09,2025,9,113,
Burdur Lake,DSWX_S1,2025-10,2025,10,155,
Burdur Lake,DSWX_S1,2025-11,2025,11,193,
Burdur Lake,DSWX_S1,2025-12,2025,12,267,
Burdur Lake,DSWX_S1,2026-01,2026,1,239,
Burdur Lake,DSWX_S1,2026-02,2026,2,88,
Burdur Lake,DSWX_S1,2026-03,2026,3,110,
Burdur Lake,DSWX_S1,2026-04,2026,4,114,
Burdur Lake,DSWX_S1,2026-05,2026,5,141,
Burdur Lake,RTC_S1,2023-04,2023,4,32,
Burdur Lake,RTC_S1,2023-05,2023,5,38,
Burdur Lake,RTC_S1,2023-06,2023,6,32,
Burdur Lake,RTC_S1,2023-07,2023,7,38,
Burdur Lake,RTC_S1,2023-08,2023,8,32,
Burdur Lake,RTC_S1,2023-09,2023,9,38,
Burdur Lake,RTC_S1,2023-10,2023,10,38,
Burdur Lake,RTC_S1,2023-11,2023,11,41,
Burdur Lake,RTC_S1,2023-12,2023,12,50,
Burdur Lake,RTC_S1,2024-01,2024,1,56,
Burdur Lake,RTC_S1,2024-02,2024,2,83,
Burdur Lake,RTC_S1,2024-03,2024,3,40,
Burdur Lake,RTC_S1,2024-04,2024,4,38,
Burdur Lake,RTC_S1,2024-05,2024,5,32,
Burdur Lake,RTC_S1,2024-06,2024,6,38,
Burdur Lake,RTC_S1,2024-07,2024,7,32,
Burdur Lake,RTC_S1,2024-08,2024,8,38,
Burdur Lake,RTC_S1,2024-09,2024,9,38,
Burdur Lake,RTC_S1,2024-10,2024,10,53,
Burdur Lake,RTC_S1,2024-11,2024,11,34,
Burdur Lake,RTC_S1,2024-12,2024,12,50,
Burdur Lake,RTC_S1,2025-01,2025,1,44,
Burdur Lake,RTC_S1,2025-02,2025,2,35,
Burdur Lake,RTC_S1,2025-03,2025,3,38,
Burdur Lake,RTC_S1,2025-04,2025,4,32,
Burdur Lake,RTC_S1,2025-05,2025,5,53,
Burdur Lake,RTC_S1,2025-06,2025,6,64,
Burdur Lake,RTC_S1,2025-07,2025,7,70,
Burdur Lake,RTC_S1,2025-08,2025,8,72,
Burdur Lake,RTC_S1,2025-09,2025,9,74,
Burdur Lake,RTC_S1,2025-10,2025,10,70,
Burdur Lake,RTC_S1,2025-11,2025,11,79,
Burdur Lake,RTC_S1,2025-12,2025,12,96,
Burdur Lake,RTC_S1,2026-01,2026,1,77,
Burdur Lake,RTC_S1,2026-02,2026,2,56,
Burdur Lake,RTC_S1,2026-03,2026,3,84,
Burdur Lake,RTC_S1,2026-04,2026,4,74,
Burdur Lake,RTC_S1,2026-05,2026,5,60,
Burdur Lake,S2_SR,2023-04,2023,4,48,
Burdur Lake,S2_SR,2023-05,2023,5,52,
Burdur Lake,S2_SR,2023-06,2023,6,48,
Burdur Lake,S2_SR,2023-07,2023,7,50,
Burdur Lake,S2_SR,2023-08,2023,8,56,
Burdur Lake,S2_SR,2023-09,2023,9,52,
Burdur Lake,S2_SR,2023-10,2023,10,48,
Burdur Lake,S2_SR,2023-11,2023,11,48,
Burdur Lake,S2_SR,2023-12,2023,12,48,
Burdur Lake,S2_SR,2024-01,2024,1,52,
Burdur Lake,S2_SR,2024-02,2024,2,44,
Burdur Lake,S2_SR,2024-03,2024,3,52,
Burdur Lake,S2_SR,2024-04,2024,4,45,
Burdur Lake,S2_SR,2024-05,2024,5,50,
Burdur Lake,S2_SR,2024-06,2024,6,48,
Burdur Lake,S2_SR,2024-07,2024,7,54,
Burdur Lake,S2_SR,2024-08,2024,8,50,
Burdur Lake,S2_SR,2024-09,2024,9,48,
Burdur Lake,S2_SR,2024-10,2024,10,48,
Burdur Lake,S2_SR,2024-11,2024,11,48,
Burdur Lake,S2_SR,2024-12,2024,12,60,
Burdur Lake,S2_SR,2025-01,2025,1,44,
Burdur Lake,S2_SR,2025-02,2025,2,43,
Burdur Lake,S2_SR,2025-03,2025,3,68,
Burdur Lake,S2_SR,2025-04,2025,4,72,
Burdur Lake,S2_SR,2025-05,2025,5,68,
Burdur Lake,S2_SR,2025-06,2025,6,72,
Burdur Lake,S2_SR,2025-07,2025,7,72,
Burdur Lake,S2_SR,2025-08,2025,8,67,
Burdur Lake,S2_SR,2025-09,2025,9,72,
Burdur Lake,S2_SR,2025-10,2025,10,76,
Burdur Lake,S2_SR,2025-11,2025,11,71,
Burdur Lake,S2_SR,2025-12,2025,12,70,
Burdur Lake,S2_SR,2026-01,2026,1,52,
Burdur Lake,S2_SR,2026-02,2026,2,58,
Burdur Lake,S2_SR,2026-03,2026,3,72,
Burdur Lake,S2_SR,2026-04,2026,4,72,
Burdur Lake,S2_SR,2026-05,2026,5,68,
Burdur Lake,S1_GRD,2023-04,2023,4,12,
Burdur Lake,S1_GRD,2023-05,2023,5,13,
Burdur Lake,S1_GRD,2023-06,2023,6,12,
Burdur Lake,S1_GRD,2023-07,2023,7,13,
Burdur Lake,S1_GRD,2023-08,2023,8,12,
Burdur Lake,S1_GRD,2023-09,2023,9,13,
Burdur Lake,S1_GRD,2023-10,2023,10,13,
Burdur Lake,S1_GRD,2023-11,2023,11,14,
Burdur Lake,S1_GRD,2023-12,2023,12,13,
Burdur Lake,S1_GRD,2024-01,2024,1,12,
Burdur Lake,S1_GRD,2024-02,2024,2,14,
Burdur Lake,S1_GRD,2024-03,2024,3,12,
Burdur Lake,S1_GRD,2024-04,2024,4,13,
Burdur Lake,S1_GRD,2024-05,2024,5,12,
Burdur Lake,S1_GRD,2024-06,2024,6,13,
Burdur Lake,S1_GRD,2024-07,2024,7,12,
Burdur Lake,S1_GRD,2024-08,2024,8,13,
Burdur Lake,S1_GRD,2024-09,2024,9,13,
Burdur Lake,S1_GRD,2024-10,2024,10,15,
Burdur Lake,S1_GRD,2024-11,2024,11,11,
Burdur Lake,S1_GRD,2024-12,2024,12,14,
Burdur Lake,S1_GRD,2025-01,2025,1,13,
Burdur Lake,S1_GRD,2025-02,2025,2,12,
Burdur Lake,S1_GRD,2025-03,2025,3,17,
Burdur Lake,S1_GRD,2025-04,2025,4,20,
Burdur Lake,S1_GRD,2025-05,2025,5,23,
Burdur Lake,S1_GRD,2025-06,2025,6,21,
Burdur Lake,S1_GRD,2025-07,2025,7,23,
Burdur Lake,S1_GRD,2025-08,2025,8,22,
Burdur Lake,S1_GRD,2025-09,2025,9,22,
Burdur Lake,S1_GRD,2025-10,2025,10,22,
Burdur Lake,S1_GRD,2025-11,2025,11,20,
Burdur Lake,S1_GRD,2025-12,2025,12,26,
Burdur Lake,S1_GRD,2026-01,2026,1,24,
Burdur Lake,S1_GRD,2026-02,2026,2,18,
Burdur Lake,S1_GRD,2026-03,2026,3,26,
Burdur Lake,S1_GRD,2026-04,2026,4,26,
Burdur Lake,S1_GRD,2026-05,2026,5,34,
Tuz Lake,DSWX_HLS,2023-04,2023,4,60,65.71666666666667
Tuz Lake,DSWX_HLS,2023-05,2023,5,56,65.94642857142857
Tuz Lake,DSWX_HLS,2023-06,2023,6,54,53.55555555555556
Tuz Lake,DSWX_HLS,2023-07,2023,7,61,15.278688524590164
Tuz Lake,DSWX_HLS,2023-08,2023,8,61,17.098360655737704
Tuz Lake,DSWX_HLS,2023-09,2023,9,59,25.864406779661017
Tuz Lake,DSWX_HLS,2023-10,2023,10,58,51.91379310344828
Tuz Lake,DSWX_HLS,2023-11,2023,11,49,65.24489795918367
Tuz Lake,DSWX_HLS,2023-12,2023,12,56,51.785714285714285
Tuz Lake,DSWX_HLS,2024-01,2024,1,45,62.2
Tuz Lake,DSWX_HLS,2024-02,2024,2,54,54.96296296296296
Tuz Lake,DSWX_HLS,2024-03,2024,3,49,45.55102040816327
Tuz Lake,DSWX_HLS,2024-04,2024,4,56,52.982142857142854
Tuz Lake,DSWX_HLS,2024-05,2024,5,58,54.96551724137931
Tuz Lake,DSWX_HLS,2024-06,2024,6,60,18.066666666666666
Tuz Lake,DSWX_HLS,2024-07,2024,7,68,30.264705882352942
Tuz Lake,DSWX_HLS,2024-08,2024,8,65,23.630769230769232
Tuz Lake,DSWX_HLS,2024-09,2024,9,58,36.206896551724135
Tuz Lake,DSWX_HLS,2024-10,2024,10,65,26.784615384615385
Tuz Lake,DSWX_HLS,2024-11,2024,11,44,53.97727272727273
Tuz Lake,DSWX_HLS,2024-12,2024,12,48,67.47916666666667
Tuz Lake,DSWX_HLS,2025-01,2025,1,55,56.945454545454545
Tuz Lake,DSWX_HLS,2025-02,2025,2,53,64.9622641509434
Tuz Lake,DSWX_HLS,2025-03,2025,3,65,45.86153846153846
Tuz Lake,DSWX_HLS,2025-04,2025,4,83,55.6144578313253
Tuz Lake,DSWX_HLS,2025-05,2025,5,86,41.348837209302324
Tuz Lake,DSWX_HLS,2025-06,2025,6,85,20.105882352941176
Tuz Lake,DSWX_HLS,2025-07,2025,7,88,14.090909090909092
Tuz Lake,DSWX_HLS,2025-08,2025,8,81,13.45679012345679
Tuz Lake,DSWX_HLS,2025-09,2025,9,93,21.956989247311828
Tuz Lake,DSWX_HLS,2025-10,2025,10,103,37.786407766990294
Tuz Lake,DSWX_HLS,2025-11,2025,11,170,52.747058823529414
Tuz Lake,DSWX_HLS,2025-12,2025,12,172,71.56976744186046
Tuz Lake,DSWX_HLS,2026-01,2026,1,73,72.43835616438356
Tuz Lake,DSWX_HLS,2026-02,2026,2,90,61.1
Tuz Lake,DSWX_HLS,2026-03,2026,3,88,66.26136363636364
Tuz Lake,DSWX_HLS,2026-04,2026,4,79,59.88607594936709
Tuz Lake,DSWX_HLS,2026-05,2026,5,72,57.80555555555556
Tuz Lake,DSWX_S1,2023-04,2023,4,0,
Tuz Lake,DSWX_S1,2023-05,2023,5,0,
Tuz Lake,DSWX_S1,2023-06,2023,6,0,
Tuz Lake,DSWX_S1,2023-07,2023,7,0,
Tuz Lake,DSWX_S1,2023-08,2023,8,0,
Tuz Lake,DSWX_S1,2023-09,2023,9,0,
Tuz Lake,DSWX_S1,2023-10,2023,10,0,
Tuz Lake,DSWX_S1,2023-11,2023,11,0,
Tuz Lake,DSWX_S1,2023-12,2023,12,0,
Tuz Lake,DSWX_S1,2024-01,2024,1,0,
Tuz Lake,DSWX_S1,2024-02,2024,2,0,
Tuz Lake,DSWX_S1,2024-03,2024,3,0,
Tuz Lake,DSWX_S1,2024-04,2024,4,0,
Tuz Lake,DSWX_S1,2024-05,2024,5,0,
Tuz Lake,DSWX_S1,2024-06,2024,6,0,
Tuz Lake,DSWX_S1,2024-07,2024,7,0,
Tuz Lake,DSWX_S1,2024-08,2024,8,18,
Tuz Lake,DSWX_S1,2024-09,2024,9,53,
Tuz Lake,DSWX_S1,2024-10,2024,10,58,
Tuz Lake,DSWX_S1,2024-11,2024,11,58,
Tuz Lake,DSWX_S1,2024-12,2024,12,79,
Tuz Lake,DSWX_S1,2025-01,2025,1,50,
Tuz Lake,DSWX_S1,2025-02,2025,2,38,
Tuz Lake,DSWX_S1,2025-03,2025,3,57,
Tuz Lake,DSWX_S1,2025-04,2025,4,67,
Tuz Lake,DSWX_S1,2025-05,2025,5,98,
Tuz Lake,DSWX_S1,2025-06,2025,6,109,
Tuz Lake,DSWX_S1,2025-07,2025,7,113,
Tuz Lake,DSWX_S1,2025-08,2025,8,101,
Tuz Lake,DSWX_S1,2025-09,2025,9,110,
Tuz Lake,DSWX_S1,2025-10,2025,10,269,
Tuz Lake,DSWX_S1,2025-11,2025,11,268,
Tuz Lake,DSWX_S1,2025-12,2025,12,217,
Tuz Lake,DSWX_S1,2026-01,2026,1,312,
Tuz Lake,DSWX_S1,2026-02,2026,2,83,
Tuz Lake,DSWX_S1,2026-03,2026,3,129,
Tuz Lake,DSWX_S1,2026-04,2026,4,115,
Tuz Lake,DSWX_S1,2026-05,2026,5,173,
Tuz Lake,RTC_S1,2023-04,2023,4,80,
Tuz Lake,RTC_S1,2023-05,2023,5,76,
Tuz Lake,RTC_S1,2023-06,2023,6,81,
Tuz Lake,RTC_S1,2023-07,2023,7,77,
Tuz Lake,RTC_S1,2023-08,2023,8,80,
Tuz Lake,RTC_S1,2023-09,2023,9,76,
Tuz Lake,RTC_S1,2023-10,2023,10,100,
Tuz Lake,RTC_S1,2023-11,2023,11,80,
Tuz Lake,RTC_S1,2023-12,2023,12,116,
Tuz Lake,RTC_S1,2024-01,2024,1,161,
Tuz Lake,RTC_S1,2024-02,2024,2,148,
Tuz Lake,RTC_S1,2024-03,2024,3,108,
Tuz Lake,RTC_S1,2024-04,2024,4,78,
Tuz Lake,RTC_S1,2024-05,2024,5,78,
Tuz Lake,RTC_S1,2024-06,2024,6,76,
Tuz Lake,RTC_S1,2024-07,2024,7,85,
Tuz Lake,RTC_S1,2024-08,2024,8,75,
Tuz Lake,RTC_S1,2024-09,2024,9,104,
Tuz Lake,RTC_S1,2024-10,2024,10,102,
Tuz Lake,RTC_S1,2024-11,2024,11,87,
Tuz Lake,RTC_S1,2024-12,2024,12,97,
Tuz Lake,RTC_S1,2025-01,2025,1,89,
Tuz Lake,RTC_S1,2025-02,2025,2,63,
Tuz Lake,RTC_S1,2025-03,2025,3,107,
Tuz Lake,RTC_S1,2025-04,2025,4,93,
Tuz Lake,RTC_S1,2025-05,2025,5,134,
Tuz Lake,RTC_S1,2025-06,2025,6,153,
Tuz Lake,RTC_S1,2025-07,2025,7,154,
Tuz Lake,RTC_S1,2025-08,2025,8,154,
Tuz Lake,RTC_S1,2025-09,2025,9,162,
Tuz Lake,RTC_S1,2025-10,2025,10,210,
Tuz Lake,RTC_S1,2025-11,2025,11,188,
Tuz Lake,RTC_S1,2025-12,2025,12,220,
Tuz Lake,RTC_S1,2026-01,2026,1,215,
Tuz Lake,RTC_S1,2026-02,2026,2,150,
Tuz Lake,RTC_S1,2026-03,2026,3,179,
Tuz Lake,RTC_S1,2026-04,2026,4,152,
Tuz Lake,RTC_S1,2026-05,2026,5,202,
Tuz Lake,S2_SR,2023-04,2023,4,52,
Tuz Lake,S2_SR,2023-05,2023,5,48,
Tuz Lake,S2_SR,2023-06,2023,6,48,
Tuz Lake,S2_SR,2023-07,2023,7,50,
Tuz Lake,S2_SR,2023-08,2023,8,54,
Tuz Lake,S2_SR,2023-09,2023,9,51,
Tuz Lake,S2_SR,2023-10,2023,10,51,
Tuz Lake,S2_SR,2023-11,2023,11,48,
Tuz Lake,S2_SR,2023-12,2023,12,52,
Tuz Lake,S2_SR,2024-01,2024,1,48,
Tuz Lake,S2_SR,2024-02,2024,2,51,
Tuz Lake,S2_SR,2024-03,2024,3,49,
Tuz Lake,S2_SR,2024-04,2024,4,45,
Tuz Lake,S2_SR,2024-05,2024,5,51,
Tuz Lake,S2_SR,2024-06,2024,6,48,
Tuz Lake,S2_SR,2024-07,2024,7,54,
Tuz Lake,S2_SR,2024-08,2024,8,48,
Tuz Lake,S2_SR,2024-09,2024,9,48,
Tuz Lake,S2_SR,2024-10,2024,10,52,
Tuz Lake,S2_SR,2024-11,2024,11,48,
Tuz Lake,S2_SR,2024-12,2024,12,55,
Tuz Lake,S2_SR,2025-01,2025,1,48,
Tuz Lake,S2_SR,2025-02,2025,2,48,
Tuz Lake,S2_SR,2025-03,2025,3,60,
Tuz Lake,S2_SR,2025-04,2025,4,76,
Tuz Lake,S2_SR,2025-05,2025,5,78,
Tuz Lake,S2_SR,2025-06,2025,6,72,
Tuz Lake,S2_SR,2025-07,2025,7,74,
Tuz Lake,S2_SR,2025-08,2025,8,68,
Tuz Lake,S2_SR,2025-09,2025,9,67,
Tuz Lake,S2_SR,2025-10,2025,10,80,
Tuz Lake,S2_SR,2025-11,2025,11,72,
Tuz Lake,S2_SR,2025-12,2025,12,70,
Tuz Lake,S2_SR,2026-01,2026,1,56,
Tuz Lake,S2_SR,2026-02,2026,2,60,
Tuz Lake,S2_SR,2026-03,2026,3,72,
Tuz Lake,S2_SR,2026-04,2026,4,72,
Tuz Lake,S2_SR,2026-05,2026,5,72,
Tuz Lake,S1_GRD,2023-04,2023,4,15,
Tuz Lake,S1_GRD,2023-05,2023,5,15,
Tuz Lake,S1_GRD,2023-06,2023,6,15,
Tuz Lake,S1_GRD,2023-07,2023,7,15,
Tuz Lake,S1_GRD,2023-08,2023,8,15,
Tuz Lake,S1_GRD,2023-09,2023,9,15,
Tuz Lake,S1_GRD,2023-10,2023,10,15,
Tuz Lake,S1_GRD,2023-11,2023,11,15,
Tuz Lake,S1_GRD,2023-12,2023,12,16,
Tuz Lake,S1_GRD,2024-01,2024,1,17,
Tuz Lake,S1_GRD,2024-02,2024,2,13,
Tuz Lake,S1_GRD,2024-03,2024,3,17,
Tuz Lake,S1_GRD,2024-04,2024,4,15,
Tuz Lake,S1_GRD,2024-05,2024,5,15,
Tuz Lake,S1_GRD,2024-06,2024,6,15,
Tuz Lake,S1_GRD,2024-07,2024,7,14,
Tuz Lake,S1_GRD,2024-08,2024,8,15,
Tuz Lake,S1_GRD,2024-09,2024,9,15,
Tuz Lake,S1_GRD,2024-10,2024,10,15,
Tuz Lake,S1_GRD,2024-11,2024,11,15,
Tuz Lake,S1_GRD,2024-12,2024,12,16,
Tuz Lake,S1_GRD,2025-01,2025,1,17,
Tuz Lake,S1_GRD,2025-02,2025,2,12,
Tuz Lake,S1_GRD,2025-03,2025,3,18,
Tuz Lake,S1_GRD,2025-04,2025,4,23,
Tuz Lake,S1_GRD,2025-05,2025,5,30,
Tuz Lake,S1_GRD,2025-06,2025,6,27,
Tuz Lake,S1_GRD,2025-07,2025,7,28,
Tuz Lake,S1_GRD,2025-08,2025,8,26,
Tuz Lake,S1_GRD,2025-09,2025,9,29,
Tuz Lake,S1_GRD,2025-10,2025,10,28,
Tuz Lake,S1_GRD,2025-11,2025,11,27,
Tuz Lake,S1_GRD,2025-12,2025,12,27,
Tuz Lake,S1_GRD,2026-01,2026,1,28,
Tuz Lake,S1_GRD,2026-02,2026,2,25,
Tuz Lake,S1_GRD,2026-03,2026,3,28,
Tuz Lake,S1_GRD,2026-04,2026,4,31,
Tuz Lake,S1_GRD,2026-05,2026,5,40,
Kizilirmak Delta,DSWX_HLS,2023-04,2023,4,52,49.46153846153846
Kizilirmak Delta,DSWX_HLS,2023-05,2023,5,48,57.270833333333336
Kizilirmak Delta,DSWX_HLS,2023-06,2023,6,53,54.77358490566038
Kizilirmak Delta,DSWX_HLS,2023-07,2023,7,68,30.044117647058822
Kizilirmak Delta,DSWX_HLS,2023-08,2023,8,56,32.285714285714285
Kizilirmak Delta,DSWX_HLS,2023-09,2023,9,59,48.23728813559322
Kizilirmak Delta,DSWX_HLS,2023-10,2023,10,48,46.854166666666664
Kizilirmak Delta,DSWX_HLS,2023-11,2023,11,44,53.56818181818182
Kizilirmak Delta,DSWX_HLS,2023-12,2023,12,52,76.17307692307692
Kizilirmak Delta,DSWX_HLS,2024-01,2024,1,46,62.23913043478261
Kizilirmak Delta,DSWX_HLS,2024-02,2024,2,50,64.74
Kizilirmak Delta,DSWX_HLS,2024-03,2024,3,56,48.767857142857146
Kizilirmak Delta,DSWX_HLS,2024-04,2024,4,50,69.5
Kizilirmak Delta,DSWX_HLS,2024-05,2024,5,57,36.01754385964912
Kizilirmak Delta,DSWX_HLS,2024-06,2024,6,65,35.01538461538462
Kizilirmak Delta,DSWX_HLS,2024-07,2024,7,64,52.09375
Kizilirmak Delta,DSWX_HLS,2024-08,2024,8,54,32.44444444444444
Kizilirmak Delta,DSWX_HLS,2024-09,2024,9,56,34.982142857142854
Kizilirmak Delta,DSWX_HLS,2024-10,2024,10,54,48.611111111111114
Kizilirmak Delta,DSWX_HLS,2024-11,2024,11,53,58.264150943396224
Kizilirmak Delta,DSWX_HLS,2024-12,2024,12,46,59.0
Kizilirmak Delta,DSWX_HLS,2025-01,2025,1,52,43.38461538461539
Kizilirmak Delta,DSWX_HLS,2025-02,2025,2,34,77.52941176470588
Kizilirmak Delta,DSWX_HLS,2025-03,2025,3,57,42.40350877192982
Kizilirmak Delta,DSWX_HLS,2025-04,2025,4,60,68.46666666666667
Kizilirmak Delta,DSWX_HLS,2025-05,2025,5,93,38.236559139784944
Kizilirmak Delta,DSWX_HLS,2025-06,2025,6,90,37.25555555555555
Kizilirmak Delta,DSWX_HLS,2025-07,2025,7,83,31.63855421686747
Kizilirmak Delta,DSWX_HLS,2025-08,2025,8,82,31.26829268292683
Kizilirmak Delta,DSWX_HLS,2025-09,2025,9,85,53.529411764705884
Kizilirmak Delta,DSWX_HLS,2025-10,2025,10,100,47.59
Kizilirmak Delta,DSWX_HLS,2025-11,2025,11,138,50.61594202898551
Kizilirmak Delta,DSWX_HLS,2025-12,2025,12,175,58.29142857142857
Kizilirmak Delta,DSWX_HLS,2026-01,2026,1,65,79.63076923076923
Kizilirmak Delta,DSWX_HLS,2026-02,2026,2,64,49.75
Kizilirmak Delta,DSWX_HLS,2026-03,2026,3,65,52.33846153846154
Kizilirmak Delta,DSWX_HLS,2026-04,2026,4,76,40.31578947368421
Kizilirmak Delta,DSWX_HLS,2026-05,2026,5,82,60.40243902439025
Kizilirmak Delta,DSWX_S1,2023-04,2023,4,0,
Kizilirmak Delta,DSWX_S1,2023-05,2023,5,0,
Kizilirmak Delta,DSWX_S1,2023-06,2023,6,0,
Kizilirmak Delta,DSWX_S1,2023-07,2023,7,0,
Kizilirmak Delta,DSWX_S1,2023-08,2023,8,0,
Kizilirmak Delta,DSWX_S1,2023-09,2023,9,0,
Kizilirmak Delta,DSWX_S1,2023-10,2023,10,0,
Kizilirmak Delta,DSWX_S1,2023-11,2023,11,0,
Kizilirmak Delta,DSWX_S1,2023-12,2023,12,0,
Kizilirmak Delta,DSWX_S1,2024-01,2024,1,0,
Kizilirmak Delta,DSWX_S1,2024-02,2024,2,0,
Kizilirmak Delta,DSWX_S1,2024-03,2024,3,0,
Kizilirmak Delta,DSWX_S1,2024-04,2024,4,0,
Kizilirmak Delta,DSWX_S1,2024-05,2024,5,0,
Kizilirmak Delta,DSWX_S1,2024-06,2024,6,0,
Kizilirmak Delta,DSWX_S1,2024-07,2024,7,0,
Kizilirmak Delta,DSWX_S1,2024-08,2024,8,28,
Kizilirmak Delta,DSWX_S1,2024-09,2024,9,64,
Kizilirmak Delta,DSWX_S1,2024-10,2024,10,54,
Kizilirmak Delta,DSWX_S1,2024-11,2024,11,67,
Kizilirmak Delta,DSWX_S1,2024-12,2024,12,80,
Kizilirmak Delta,DSWX_S1,2025-01,2025,1,64,
Kizilirmak Delta,DSWX_S1,2025-02,2025,2,56,
Kizilirmak Delta,DSWX_S1,2025-03,2025,3,64,
Kizilirmak Delta,DSWX_S1,2025-04,2025,4,56,
Kizilirmak Delta,DSWX_S1,2025-05,2025,5,91,
Kizilirmak Delta,DSWX_S1,2025-06,2025,6,126,
Kizilirmak Delta,DSWX_S1,2025-07,2025,7,147,
Kizilirmak Delta,DSWX_S1,2025-08,2025,8,139,
Kizilirmak Delta,DSWX_S1,2025-09,2025,9,131,
Kizilirmak Delta,DSWX_S1,2025-10,2025,10,277,
Kizilirmak Delta,DSWX_S1,2025-11,2025,11,238,
Kizilirmak Delta,DSWX_S1,2025-12,2025,12,176,
Kizilirmak Delta,DSWX_S1,2026-01,2026,1,170,
Kizilirmak Delta,DSWX_S1,2026-02,2026,2,121,
Kizilirmak Delta,DSWX_S1,2026-03,2026,3,143,
Kizilirmak Delta,DSWX_S1,2026-04,2026,4,139,
Kizilirmak Delta,DSWX_S1,2026-05,2026,5,170,
Kizilirmak Delta,RTC_S1,2023-04,2023,4,24,
Kizilirmak Delta,RTC_S1,2023-05,2023,5,24,
Kizilirmak Delta,RTC_S1,2023-06,2023,6,24,
Kizilirmak Delta,RTC_S1,2023-07,2023,7,24,
Kizilirmak Delta,RTC_S1,2023-08,2023,8,21,
Kizilirmak Delta,RTC_S1,2023-09,2023,9,24,
Kizilirmak Delta,RTC_S1,2023-10,2023,10,18,
Kizilirmak Delta,RTC_S1,2023-11,2023,11,36,
Kizilirmak Delta,RTC_S1,2023-12,2023,12,30,
Kizilirmak Delta,RTC_S1,2024-01,2024,1,33,
Kizilirmak Delta,RTC_S1,2024-02,2024,2,38,
Kizilirmak Delta,RTC_S1,2024-03,2024,3,27,
Kizilirmak Delta,RTC_S1,2024-04,2024,4,21,
Kizilirmak Delta,RTC_S1,2024-05,2024,5,27,
Kizilirmak Delta,RTC_S1,2024-06,2024,6,24,
Kizilirmak Delta,RTC_S1,2024-07,2024,7,24,
Kizilirmak Delta,RTC_S1,2024-08,2024,8,24,
Kizilirmak Delta,RTC_S1,2024-09,2024,9,23,
Kizilirmak Delta,RTC_S1,2024-10,2024,10,24,
Kizilirmak Delta,RTC_S1,2024-11,2024,11,24,
Kizilirmak Delta,RTC_S1,2024-12,2024,12,28,
Kizilirmak Delta,RTC_S1,2025-01,2025,1,24,
Kizilirmak Delta,RTC_S1,2025-02,2025,2,27,
Kizilirmak Delta,RTC_S1,2025-03,2025,3,24,
Kizilirmak Delta,RTC_S1,2025-04,2025,4,24,
Kizilirmak Delta,RTC_S1,2025-05,2025,5,31,
Kizilirmak Delta,RTC_S1,2025-06,2025,6,45,
Kizilirmak Delta,RTC_S1,2025-07,2025,7,51,
Kizilirmak Delta,RTC_S1,2025-08,2025,8,51,
Kizilirmak Delta,RTC_S1,2025-09,2025,9,46,
Kizilirmak Delta,RTC_S1,2025-10,2025,10,56,
Kizilirmak Delta,RTC_S1,2025-11,2025,11,52,
Kizilirmak Delta,RTC_S1,2025-12,2025,12,61,
Kizilirmak Delta,RTC_S1,2026-01,2026,1,60,
Kizilirmak Delta,RTC_S1,2026-02,2026,2,51,
Kizilirmak Delta,RTC_S1,2026-03,2026,3,48,
Kizilirmak Delta,RTC_S1,2026-04,2026,4,54,
Kizilirmak Delta,RTC_S1,2026-05,2026,5,58,
Kizilirmak Delta,S2_SR,2023-04,2023,4,48,
Kizilirmak Delta,S2_SR,2023-05,2023,5,48,
Kizilirmak Delta,S2_SR,2023-06,2023,6,48,
Kizilirmak Delta,S2_SR,2023-07,2023,7,52,
Kizilirmak Delta,S2_SR,2023-08,2023,8,48,
Kizilirmak Delta,S2_SR,2023-09,2023,9,46,
Kizilirmak Delta,S2_SR,2023-10,2023,10,48,
Kizilirmak Delta,S2_SR,2023-11,2023,11,44,
Kizilirmak Delta,S2_SR,2023-12,2023,12,52,
Kizilirmak Delta,S2_SR,2024-01,2024,1,48,
Kizilirmak Delta,S2_SR,2024-02,2024,2,48,
Kizilirmak Delta,S2_SR,2024-03,2024,3,48,
Kizilirmak Delta,S2_SR,2024-04,2024,4,48,
Kizilirmak Delta,S2_SR,2024-05,2024,5,52,
Kizilirmak Delta,S2_SR,2024-06,2024,6,48,
Kizilirmak Delta,S2_SR,2024-07,2024,7,48,
Kizilirmak Delta,S2_SR,2024-08,2024,8,40,
Kizilirmak Delta,S2_SR,2024-09,2024,9,48,
Kizilirmak Delta,S2_SR,2024-10,2024,10,52,
Kizilirmak Delta,S2_SR,2024-11,2024,11,48,
Kizilirmak Delta,S2_SR,2024-12,2024,12,56,
Kizilirmak Delta,S2_SR,2025-01,2025,1,52,
Kizilirmak Delta,S2_SR,2025-02,2025,2,44,
Kizilirmak Delta,S2_SR,2025-03,2025,3,60,
Kizilirmak Delta,S2_SR,2025-04,2025,4,72,
Kizilirmak Delta,S2_SR,2025-05,2025,5,80,
Kizilirmak Delta,S2_SR,2025-06,2025,6,72,
Kizilirmak Delta,S2_SR,2025-07,2025,7,72,
Kizilirmak Delta,S2_SR,2025-08,2025,8,68,
Kizilirmak Delta,S2_SR,2025-09,2025,9,64,
Kizilirmak Delta,S2_SR,2025-10,2025,10,76,
Kizilirmak Delta,S2_SR,2025-11,2025,11,71,
Kizilirmak Delta,S2_SR,2025-12,2025,12,74,
Kizilirmak Delta,S2_SR,2026-01,2026,1,64,
Kizilirmak Delta,S2_SR,2026-02,2026,2,44,
Kizilirmak Delta,S2_SR,2026-03,2026,3,68,
Kizilirmak Delta,S2_SR,2026-04,2026,4,72,
Kizilirmak Delta,S2_SR,2026-05,2026,5,76,
Kizilirmak Delta,S1_GRD,2023-04,2023,4,10,
Kizilirmak Delta,S1_GRD,2023-05,2023,5,11,
Kizilirmak Delta,S1_GRD,2023-06,2023,6,11,
Kizilirmak Delta,S1_GRD,2023-07,2023,7,10,
Kizilirmak Delta,S1_GRD,2023-08,2023,8,10,
Kizilirmak Delta,S1_GRD,2023-09,2023,9,10,
Kizilirmak Delta,S1_GRD,2023-10,2023,10,9,
Kizilirmak Delta,S1_GRD,2023-11,2023,11,10,
Kizilirmak Delta,S1_GRD,2023-12,2023,12,10,
Kizilirmak Delta,S1_GRD,2024-01,2024,1,10,
Kizilirmak Delta,S1_GRD,2024-02,2024,2,10,
Kizilirmak Delta,S1_GRD,2024-03,2024,3,10,
Kizilirmak Delta,S1_GRD,2024-04,2024,4,10,
Kizilirmak Delta,S1_GRD,2024-05,2024,5,12,
Kizilirmak Delta,S1_GRD,2024-06,2024,6,9,
Kizilirmak Delta,S1_GRD,2024-07,2024,7,11,
Kizilirmak Delta,S1_GRD,2024-08,2024,8,10,
Kizilirmak Delta,S1_GRD,2024-09,2024,9,10,
Kizilirmak Delta,S1_GRD,2024-10,2024,10,10,
Kizilirmak Delta,S1_GRD,2024-11,2024,11,10,
Kizilirmak Delta,S1_GRD,2024-12,2024,12,10,
Kizilirmak Delta,S1_GRD,2025-01,2025,1,10,
Kizilirmak Delta,S1_GRD,2025-02,2025,2,10,
Kizilirmak Delta,S1_GRD,2025-03,2025,3,14,
Kizilirmak Delta,S1_GRD,2025-04,2025,4,20,
Kizilirmak Delta,S1_GRD,2025-05,2025,5,24,
Kizilirmak Delta,S1_GRD,2025-06,2025,6,21,
Kizilirmak Delta,S1_GRD,2025-07,2025,7,26,
Kizilirmak Delta,S1_GRD,2025-08,2025,8,25,
Kizilirmak Delta,S1_GRD,2025-09,2025,9,21,
Kizilirmak Delta,S1_GRD,2025-10,2025,10,23,
Kizilirmak Delta,S1_GRD,2025-11,2025,11,21,
Kizilirmak Delta,S1_GRD,2025-12,2025,12,24,
Kizilirmak Delta,S1_GRD,2026-01,2026,1,21,
Kizilirmak Delta,S1_GRD,2026-02,2026,2,24,
Kizilirmak Delta,S1_GRD,2026-03,2026,3,21,
Kizilirmak Delta,S1_GRD,2026-04,2026,4,33,
Kizilirmak Delta,S1_GRD,2026-05,2026,5,30,
Ataturk Reservoir,DSWX_HLS,2023-04,2023,4,47,58.680851063829785
Ataturk Reservoir,DSWX_HLS,2023-05,2023,5,48,43.666666666666664
Ataturk Reservoir,DSWX_HLS,2023-06,2023,6,50,13.34
Ataturk Reservoir,DSWX_HLS,2023-07,2023,7,54,5.481481481481482
Ataturk Reservoir,DSWX_HLS,2023-08,2023,8,42,2.1666666666666665
Ataturk Reservoir,DSWX_HLS,2023-09,2023,9,50,8.36
Ataturk Reservoir,DSWX_HLS,2023-10,2023,10,47,32.12765957446808
Ataturk Reservoir,DSWX_HLS,2023-11,2023,11,47,36.319148936170215
Ataturk Reservoir,DSWX_HLS,2023-12,2023,12,36,68.58333333333333
Ataturk Reservoir,DSWX_HLS,2024-01,2024,1,35,55.8
Ataturk Reservoir,DSWX_HLS,2024-02,2024,2,45,54.62222222222222
Ataturk Reservoir,DSWX_HLS,2024-03,2024,3,46,41.5
Ataturk Reservoir,DSWX_HLS,2024-04,2024,4,53,34.35849056603774
Ataturk Reservoir,DSWX_HLS,2024-05,2024,5,54,46.111111111111114
Ataturk Reservoir,DSWX_HLS,2024-06,2024,6,50,8.08
Ataturk Reservoir,DSWX_HLS,2024-07,2024,7,52,4.788461538461538
Ataturk Reservoir,DSWX_HLS,2024-08,2024,8,49,4.73469387755102
Ataturk Reservoir,DSWX_HLS,2024-09,2024,9,52,16.596153846153847
Ataturk Reservoir,DSWX_HLS,2024-10,2024,10,52,18.365384615384617
Ataturk Reservoir,DSWX_HLS,2024-11,2024,11,49,43.224489795918366
Ataturk Reservoir,DSWX_HLS,2024-12,2024,12,35,45.17142857142857
Ataturk Reservoir,DSWX_HLS,2025-01,2025,1,52,37.0
Ataturk Reservoir,DSWX_HLS,2025-02,2025,2,45,58.86666666666667
Ataturk Reservoir,DSWX_HLS,2025-03,2025,3,58,47.05172413793103
Ataturk Reservoir,DSWX_HLS,2025-04,2025,4,62,55.58064516129032
Ataturk Reservoir,DSWX_HLS,2025-05,2025,5,76,27.06578947368421
Ataturk Reservoir,DSWX_HLS,2025-06,2025,6,73,5.3561643835616435
Ataturk Reservoir,DSWX_HLS,2025-07,2025,7,81,12.617283950617283
Ataturk Reservoir,DSWX_HLS,2025-08,2025,8,72,1.6944444444444444
Ataturk Reservoir,DSWX_HLS,2025-09,2025,9,75,4.933333333333334
Ataturk Reservoir,DSWX_HLS,2025-10,2025,10,80,19.95
Ataturk Reservoir,DSWX_HLS,2025-11,2025,11,116,42.28448275862069
Ataturk Reservoir,DSWX_HLS,2025-12,2025,12,134,51.03731343283582
Ataturk Reservoir,DSWX_HLS,2026-01,2026,1,54,52.370370370370374
Ataturk Reservoir,DSWX_HLS,2026-02,2026,2,65,43.184615384615384
Ataturk Reservoir,DSWX_HLS,2026-03,2026,3,54,59.851851851851855
Ataturk Reservoir,DSWX_HLS,2026-04,2026,4,70,50.07142857142857
Ataturk Reservoir,DSWX_HLS,2026-05,2026,5,74,49.33783783783784
Ataturk Reservoir,DSWX_S1,2023-04,2023,4,0,
Ataturk Reservoir,DSWX_S1,2023-05,2023,5,0,
Ataturk Reservoir,DSWX_S1,2023-06,2023,6,0,
Ataturk Reservoir,DSWX_S1,2023-07,2023,7,0,
Ataturk Reservoir,DSWX_S1,2023-08,2023,8,0,
Ataturk Reservoir,DSWX_S1,2023-09,2023,9,0,
Ataturk Reservoir,DSWX_S1,2023-10,2023,10,0,
Ataturk Reservoir,DSWX_S1,2023-11,2023,11,0,
Ataturk Reservoir,DSWX_S1,2023-12,2023,12,0,
Ataturk Reservoir,DSWX_S1,2024-01,2024,1,0,
Ataturk Reservoir,DSWX_S1,2024-02,2024,2,0,
Ataturk Reservoir,DSWX_S1,2024-03,2024,3,0,
Ataturk Reservoir,DSWX_S1,2024-04,2024,4,0,
Ataturk Reservoir,DSWX_S1,2024-05,2024,5,0,
Ataturk Reservoir,DSWX_S1,2024-06,2024,6,0,
Ataturk Reservoir,DSWX_S1,2024-07,2024,7,0,
Ataturk Reservoir,DSWX_S1,2024-08,2024,8,32,
Ataturk Reservoir,DSWX_S1,2024-09,2024,9,49,
Ataturk Reservoir,DSWX_S1,2024-10,2024,10,44,
Ataturk Reservoir,DSWX_S1,2024-11,2024,11,52,
Ataturk Reservoir,DSWX_S1,2024-12,2024,12,53,
Ataturk Reservoir,DSWX_S1,2025-01,2025,1,85,
Ataturk Reservoir,DSWX_S1,2025-02,2025,2,46,
Ataturk Reservoir,DSWX_S1,2025-03,2025,3,47,
Ataturk Reservoir,DSWX_S1,2025-04,2025,4,45,
Ataturk Reservoir,DSWX_S1,2025-05,2025,5,81,
Ataturk Reservoir,DSWX_S1,2025-06,2025,6,134,
Ataturk Reservoir,DSWX_S1,2025-07,2025,7,104,
Ataturk Reservoir,DSWX_S1,2025-08,2025,8,118,
Ataturk Reservoir,DSWX_S1,2025-09,2025,9,103,
Ataturk Reservoir,DSWX_S1,2025-10,2025,10,190,
Ataturk Reservoir,DSWX_S1,2025-11,2025,11,140,
Ataturk Reservoir,DSWX_S1,2025-12,2025,12,156,
Ataturk Reservoir,DSWX_S1,2026-01,2026,1,145,
Ataturk Reservoir,DSWX_S1,2026-02,2026,2,203,
Ataturk Reservoir,DSWX_S1,2026-03,2026,3,104,
Ataturk Reservoir,DSWX_S1,2026-04,2026,4,101,
Ataturk Reservoir,DSWX_S1,2026-05,2026,5,136,
Ataturk Reservoir,RTC_S1,2023-04,2023,4,103,
Ataturk Reservoir,RTC_S1,2023-05,2023,5,92,
Ataturk Reservoir,RTC_S1,2023-06,2023,6,103,
Ataturk Reservoir,RTC_S1,2023-07,2023,7,105,
Ataturk Reservoir,RTC_S1,2023-08,2023,8,97,
Ataturk Reservoir,RTC_S1,2023-09,2023,9,103,
Ataturk Reservoir,RTC_S1,2023-10,2023,10,79,
Ataturk Reservoir,RTC_S1,2023-11,2023,11,147,
Ataturk Reservoir,RTC_S1,2023-12,2023,12,111,
Ataturk Reservoir,RTC_S1,2024-01,2024,1,137,
Ataturk Reservoir,RTC_S1,2024-02,2024,2,174,
Ataturk Reservoir,RTC_S1,2024-03,2024,3,127,
Ataturk Reservoir,RTC_S1,2024-04,2024,4,92,
Ataturk Reservoir,RTC_S1,2024-05,2024,5,103,
Ataturk Reservoir,RTC_S1,2024-06,2024,6,85,
Ataturk Reservoir,RTC_S1,2024-07,2024,7,110,
Ataturk Reservoir,RTC_S1,2024-08,2024,8,110,
Ataturk Reservoir,RTC_S1,2024-09,2024,9,92,
Ataturk Reservoir,RTC_S1,2024-10,2024,10,103,
Ataturk Reservoir,RTC_S1,2024-11,2024,11,85,
Ataturk Reservoir,RTC_S1,2024-12,2024,12,96,
Ataturk Reservoir,RTC_S1,2025-01,2025,1,119,
Ataturk Reservoir,RTC_S1,2025-02,2025,2,116,
Ataturk Reservoir,RTC_S1,2025-03,2025,3,105,
Ataturk Reservoir,RTC_S1,2025-04,2025,4,116,
Ataturk Reservoir,RTC_S1,2025-05,2025,5,131,
Ataturk Reservoir,RTC_S1,2025-06,2025,6,201,
Ataturk Reservoir,RTC_S1,2025-07,2025,7,195,
Ataturk Reservoir,RTC_S1,2025-08,2025,8,215,
Ataturk Reservoir,RTC_S1,2025-09,2025,9,179,
Ataturk Reservoir,RTC_S1,2025-10,2025,10,266,
Ataturk Reservoir,RTC_S1,2025-11,2025,11,196,
Ataturk Reservoir,RTC_S1,2025-12,2025,12,196,
Ataturk Reservoir,RTC_S1,2026-01,2026,1,194,
Ataturk Reservoir,RTC_S1,2026-02,2026,2,235,
Ataturk Reservoir,RTC_S1,2026-03,2026,3,195,
Ataturk Reservoir,RTC_S1,2026-04,2026,4,195,
Ataturk Reservoir,RTC_S1,2026-05,2026,5,186,
Ataturk Reservoir,S2_SR,2023-04,2023,4,36,
Ataturk Reservoir,S2_SR,2023-05,2023,5,36,
Ataturk Reservoir,S2_SR,2023-06,2023,6,36,
Ataturk Reservoir,S2_SR,2023-07,2023,7,38,
Ataturk Reservoir,S2_SR,2023-08,2023,8,33,
Ataturk Reservoir,S2_SR,2023-09,2023,9,36,
Ataturk Reservoir,S2_SR,2023-10,2023,10,40,
Ataturk Reservoir,S2_SR,2023-11,2023,11,34,
Ataturk Reservoir,S2_SR,2023-12,2023,12,36,
Ataturk Reservoir,S2_SR,2024-01,2024,1,36,
Ataturk Reservoir,S2_SR,2024-02,2024,2,36,
Ataturk Reservoir,S2_SR,2024-03,2024,3,36,
Ataturk Reservoir,S2_SR,2024-04,2024,4,38,
Ataturk Reservoir,S2_SR,2024-05,2024,5,38,
Ataturk Reservoir,S2_SR,2024-06,2024,6,36,
Ataturk Reservoir,S2_SR,2024-07,2024,7,36,
Ataturk Reservoir,S2_SR,2024-08,2024,8,36,
Ataturk Reservoir,S2_SR,2024-09,2024,9,36,
Ataturk Reservoir,S2_SR,2024-10,2024,10,36,
Ataturk Reservoir,S2_SR,2024-11,2024,11,33,
Ataturk Reservoir,S2_SR,2024-12,2024,12,38,
Ataturk Reservoir,S2_SR,2025-01,2025,1,40,
Ataturk Reservoir,S2_SR,2025-02,2025,2,34,
Ataturk Reservoir,S2_SR,2025-03,2025,3,48,
Ataturk Reservoir,S2_SR,2025-04,2025,4,56,
Ataturk Reservoir,S2_SR,2025-05,2025,5,56,
Ataturk Reservoir,S2_SR,2025-06,2025,6,55,
Ataturk Reservoir,S2_SR,2025-07,2025,7,57,
Ataturk Reservoir,S2_SR,2025-08,2025,8,56,
Ataturk Reservoir,S2_SR,2025-09,2025,9,54,
Ataturk Reservoir,S2_SR,2025-10,2025,10,54,
Ataturk Reservoir,S2_SR,2025-11,2025,11,50,
Ataturk Reservoir,S2_SR,2025-12,2025,12,57,
Ataturk Reservoir,S2_SR,2026-01,2026,1,40,
Ataturk Reservoir,S2_SR,2026-02,2026,2,34,
Ataturk Reservoir,S2_SR,2026-03,2026,3,48,
Ataturk Reservoir,S2_SR,2026-04,2026,4,50,
Ataturk Reservoir,S2_SR,2026-05,2026,5,56,
Ataturk Reservoir,S1_GRD,2023-04,2023,4,10,
Ataturk Reservoir,S1_GRD,2023-05,2023,5,10,
Ataturk Reservoir,S1_GRD,2023-06,2023,6,10,
Ataturk Reservoir,S1_GRD,2023-07,2023,7,11,
Ataturk Reservoir,S1_GRD,2023-08,2023,8,10,
Ataturk Reservoir,S1_GRD,2023-09,2023,9,10,
Ataturk Reservoir,S1_GRD,2023-10,2023,10,9,
Ataturk Reservoir,S1_GRD,2023-11,2023,11,10,
Ataturk Reservoir,S1_GRD,2023-12,2023,12,10,
Ataturk Reservoir,S1_GRD,2024-01,2024,1,10,
Ataturk Reservoir,S1_GRD,2024-02,2024,2,11,
Ataturk Reservoir,S1_GRD,2024-03,2024,3,10,
Ataturk Reservoir,S1_GRD,2024-04,2024,4,10,
Ataturk Reservoir,S1_GRD,2024-05,2024,5,10,
Ataturk Reservoir,S1_GRD,2024-06,2024,6,9,
Ataturk Reservoir,S1_GRD,2024-07,2024,7,11,
Ataturk Reservoir,S1_GRD,2024-08,2024,8,11,
Ataturk Reservoir,S1_GRD,2024-09,2024,9,10,
Ataturk Reservoir,S1_GRD,2024-10,2024,10,10,
Ataturk Reservoir,S1_GRD,2024-11,2024,11,9,
Ataturk Reservoir,S1_GRD,2024-12,2024,12,9,
Ataturk Reservoir,S1_GRD,2025-01,2025,1,10,
Ataturk Reservoir,S1_GRD,2025-02,2025,2,10,
Ataturk Reservoir,S1_GRD,2025-03,2025,3,13,
Ataturk Reservoir,S1_GRD,2025-04,2025,4,27,
Ataturk Reservoir,S1_GRD,2025-05,2025,5,25,
Ataturk Reservoir,S1_GRD,2025-06,2025,6,27,
Ataturk Reservoir,S1_GRD,2025-07,2025,7,25,
Ataturk Reservoir,S1_GRD,2025-08,2025,8,26,
Ataturk Reservoir,S1_GRD,2025-09,2025,9,22,
Ataturk Reservoir,S1_GRD,2025-10,2025,10,28,
Ataturk Reservoir,S1_GRD,2025-11,2025,11,22,
Ataturk Reservoir,S1_GRD,2025-12,2025,12,24,
Ataturk Reservoir,S1_GRD,2026-01,2026,1,22,
Ataturk Reservoir,S1_GRD,2026-02,2026,2,25,
Ataturk Reservoir,S1_GRD,2026-03,2026,3,25,
Ataturk Reservoir,S1_GRD,2026-04,2026,4,34,
Ataturk Reservoir,S1_GRD,2026-05,2026,5,39,
